{"_runtime":2,"accuracy":0.933,"f1_score":0.4859335038363171,"_timestamp":1.755134547176983e+09,"_step":0,"_wandb":{"runtime":2}}