{"_step":0,"_wandb":{"runtime":2},"_runtime":2,"accuracy":0.9363333333333334,"f1_score":0.5236907730673317,"_timestamp":1.7551155334132411e+09}