{"_wandb":{"runtime":2},"_runtime":2,"_step":0,"accuracy":0.9303333333333333,"f1_score":0.4366576819407008,"_timestamp":1.7551345210755289e+09}