{"accuracy":0.9305,"f1_score":0.5190311418685121,"_timestamp":1.75511497599231e+09,"_wandb":{"runtime":1},"_runtime":1,"_step":0}